,Line #,Part #,2021 List Price1,equipdirectcost1,25 Percent Profit Margin1,Line #.1,Part #.1,2021 List Price2,equipdirectcost2,25 Percent Profit Margin2,Line #.2,Part #.2,2021 List Price3,equipdirectcost3,25 Percent Profit Margin3
0,1260,485024FB,69,43.47,57.96,873,5043A1,17.95,11.3085,15.08,1271,5201S,20,12.6,16.8
1,1263,49001TH,20,12.6,16.8,874,5044A1,19.75,12.4425,16.59,1274,5201XL,20,12.6,16.8
2,1264,49002BH,17,10.71,14.28,621,50502X3X,155,97.65,130.2,878,5212A1,17.1,10.773,14.36
3,1265,49003CC,2,1.26,1.68,620,5050LX,155,97.65,130.2,879,5212A5,18.25,11.4975,15.33
4,1266,49004SP,2,1.26,1.68,619,5050SM,155,97.65,130.2,880,5215A1,18.7,11.781,15.71
5,1267,49005USB,14,8.82,11.76,615,50512X3X,100,63,84,881,5215A5,93,58.59,78.12
6,1268,49006BL,2,1.26,1.68,614,5051LX,100,63,84,840,5302A10,46,28.98,38.64
7,1269,49007PW,3,1.89,2.52,613,5051SM,100,63,84,844,5303A10,49,30.87,41.16
8,612,5003AF,105,66.15,88.2,624,50552X3X,155,97.65,130.2,837,5306A10,28.5,17.955,23.94
9,1243,5004WP,41.5,26.145,34.86,623,5055LX,155,97.65,130.2,855,5307A1,34.5,21.735,28.98
10,1240,5005P,14,8.82,11.76,622,5055SM,155,97.65,130.2,856,5307A10,312,196.56,262.08
11,1241,5006MP,23.5,14.805,19.74,618,50562X3X,100,63,84,857,5308A1,61.5,38.745,51.66
12,1242,5007LP,27.5,17.325,23.1,617,5056LX,100,63,84,858,5308A10,551.5,347.445,463.26
13,1261,5013,2.5,1.575,2.1,616,5056SM,100,63,84,843,5309A10,40,25.2,33.6
14,1244,5026,83.5,52.605,70.14,875,5061A1,14.5,9.135,12.18,841,5310A1,18,11.34,15.12
15,871,5027B,12.5,7.875,10.5,607,5065,7.5,4.725,6.3,842,5310A5,80.5,50.715,67.62
16,872,5027B10,102,64.26,85.68,876,5065A1,12.75,8.0325,10.71,851,5314A10,23.4,14.742,19.66
17,869,5027E,17,10.71,14.28,608,5066,4.5,2.835,3.78,852,5314A25,57.5,36.225,48.3
18,847,5027F,14,8.82,11.76,877,5066A1,12.8,8.064,10.75,853,5317A10,18.5,11.655,15.54
19,848,5027F15,62.5,39.375,52.5,745,5071,34.5,21.735,28.98,854,5317A25,46,28.98,38.64
20,861,5029B,15,9.45,12.6,746,5072,11,6.93,9.24,883,5329A25,202,127.26,169.68
21,862,5029B10,138.5,87.255,116.34,742,5073H,67,42.21,56.28,882,5329A5,43,27.09,36.12
22,865,5029C,18,11.34,15.12,1262,5090,5.5,3.465,4.62,885,5330A25,206,129.78,173.04
23,867,5029C,18,11.34,15.12,1259,5094,24,15.12,20.16,884,5330A5,44,27.72,36.96
24,1102,5030,2007,1264.41,1685.88,838,5101A10,31.5,19.845,26.46,859,5331A1,12.5,7.875,10.5
25,1103,5030100,2017,1270.71,1694.28,839,5102A10,36.5,22.995,30.66,860,5331A5,59.5,37.485,49.98
26,1105,5030250,2222,1399.86,1866.48,845,5104A5,33.5,21.105,28.14,886,5335A25,108.75,68.5125,91.35
27,863,5030A,17,10.71,14.28,849,5105A5,38.5,24.255,32.34,887,5335A5,21.9,13.797,18.4
28,864,5030A10,159.5,100.485,133.98,846,5106A5,80.5,50.715,67.62,888,5340A,28.5,17.955,23.94
29,866,5030A10,159.5,100.485,133.98,850,5107A5,93,58.59,78.12,889,5340B,47.5,29.925,39.9
30,1104,5031,2076,1307.88,1743.84,1270,5200B,15,9.45,12.6,1128,602100A,924.5,582.435,776.58
31,868,5031A,23,14.49,19.32,1275,52012X,20,12.6,16.8,1125,60230A,662,417.06,556.08
32,870,5032A,22,13.86,18.48,1273,5201L,20,12.6,16.8,1126,60260A,692,435.96,581.28
33,606,5040,33.5,21.105,28.14,1272,5201M,20,12.6,16.8,1127,60280A,899,566.37,755.16
34,1182,603012K,337,212.31,283.08,1136,620090,707,445.41,593.88,1193,630001T,45.5,28.665,38.22
35,1183,603018K,347,218.61,291.48,1137,620100,717,451.71,602.28,1194,630002W,37.5,23.625,31.5
36,1184,603024K,357,224.91,299.88,1138,620110,728,458.64,611.52,1186,630003B,164,103.32,137.76
37,1170,60310012,1490,938.7,1251.6,1139,620120,738,464.94,619.92,1187,630012C,62,39.06,52.08
38,1171,60310018,1500,945,1260,1140,620130,748,471.24,628.32,1188,630018C,69.5,43.785,58.38
39,1172,60310024,1510,951.3,1268.4,1141,620140,758,477.54,636.72,1189,630024C,77.5,48.825,65.1
40,1161,6033012,1161.5,731.745,975.66,1142,620150,768,483.84,645.12,1185,630042P,143.5,90.405,120.54
41,1162,6033018,1177,741.51,988.68,1143,620160,778,490.14,653.52,1190,630112CB,196,123.48,164.64
42,1163,6033024,1187,747.81,997.08,1144,620170,788,496.44,661.92,1191,630118CB,206,129.78,173.04
43,1164,6036012,1192,750.96,1001.28,1145,620180,798,502.74,670.32,1192,630124CB,216.5,136.395,181.86
44,1165,6036018,1202,757.26,1009.68,1146,620190,810,510.3,680.4,1196,6401422,67,42.21,56.28
45,1166,6036024,1222.5,770.175,1026.9,1147,620200,820,516.6,688.8,1197,6402ADJ,146.5,92.295,123.06
46,1167,6038012,1449.5,913.185,1217.58,1148,620210,830,522.9,697.2,1198,6409PC,16.5,10.395,13.86
47,1168,6038018,1464.5,922.635,1230.18,1149,620220,840,529.2,705.6,916,6500128,2443,1539.09,2052.12
48,1169,6038024,1485,935.55,1247.4,1150,620230,850,535.5,714,917,6500244,2952.5,1860.075,2480.1
49,1195,6040422,203,127.89,170.52,1151,620240,860,541.8,722.4,920,6500321,693,436.59,582.12
50,911,6050128,5136,3235.68,4314.24,1152,620250,871,548.73,731.64,921,6500433,948,597.24,796.32
51,912,6050228W,5498,3463.74,4618.32,1153,620260,882,555.66,740.88,922,6500545,1118,704.34,939.12
52,913,6050328R,6522,4108.86,5478.48,1154,620270,893,562.59,750.12,923,6500657,1294.5,815.535,1087.38
53,914,6050428WR,7081.5,4461.345,5948.46,1155,620280,904,569.52,759.36,918,6500728,1437,905.31,1207.08
54,915,605047,3197,2014.11,2685.48,1156,620290,914,575.82,767.76,919,6500844,4073,2565.99,3421.32
55,1106,6160505,395,248.85,331.8,1157,620300,924,582.12,776.16,938,650124MH,2300,1449,1932
56,1107,6160512,425,267.75,357,1158,620310,934,588.42,784.56,937,65012F,1323,833.49,1111.32
57,1110,6160512W,250,157.5,210,1159,620320,944,594.72,792.96,924,6501528,1437,905.31,1207.08
58,1111,6160524A,100,63,84,1160,620330,954,601.02,801.36,925,6501644,1781.5,1122.345,1496.46
59,1108,6161005,670,422.1,562.8,1173,62100A,450.5,283.815,378.42,940,65020BFS,1666.5,1049.895,1399.86
60,1109,6161012,700,441,588,1174,62101B,462.5,291.375,388.5,939,65020BFZ,835,526.05,701.4
61,1129,620020,497,313.11,417.48,1175,62102C,385.5,242.865,323.82,942,65030CFS,1539,969.57,1292.76
62,1130,620030,507,319.41,425.88,1176,62103D,260,163.8,218.4,941,65030CFZ,804,506.52,675.36
63,1131,620040,517,325.71,434.28,1177,62201EA,234,147.42,196.56,944,65040CMS,1172,738.36,984.48
64,1132,620050,527,332.01,442.68,1178,62202S,122,76.86,102.48,943,65040CMZ,800,504,672
65,1133,620060,537,338.31,451.08,1179,62203C,79.5,50.085,66.78,946,65050CRS,550.5,346.815,462.42
66,1134,620070,687,432.81,577.08,1180,62204D,170,107.1,142.8,945,65050CRZ,261,164.43,219.24
67,1135,620080,697,439.11,585.48,1181,62205T,148.5,93.555,124.74,948,65060FMS,1116,703.08,937.44
68,947,65060FMZ,525,330.75,441,386,7007,38,23.94,31.92,174,7016,48,30.24,40.32
69,950,65070WMS,1034.5,651.735,868.98,389,70073X,41,25.83,34.44,176,70163X,50,31.5,42
70,949,65070WMZ,494.5,311.535,415.38,387,7007XL,39,24.57,32.76,153,7016B,71,44.73,59.64
71,952,65080SCS,239.5,150.885,201.18,388,7007XX,40,25.2,33.6,156,7016BEQL/X,89,56.07,74.76
72,951,65080SCZ,229.5,144.585,192.78,494,7008B2X,88,55.44,73.92,155,7016BEQS/M,89,56.07,74.76
73,932,65101DU,146,91.98,122.64,495,7008B3X,89,56.07,74.76,154,7016BX/2X,72,45.36,60.48
74,933,65102DR,311,195.93,261.24,493,7008BLX,87,54.81,73.08,177,7016PC,178,112.14,149.52
75,934,65105D,160,100.8,134.4,492,7008BSM,87,54.81,73.08,175,7016X/2X,48,30.24,40.32
76,936,65105DP5,114.5,72.135,96.18,491,7008BXS,87,54.81,73.08,178,7016XLPC,179,112.77,150.36
77,935,65106M,436.5,274.995,366.66,513,7008PC,198,124.74,166.32,173,7016XS,48,30.24,40.32
78,926,651101U,548.5,345.555,460.74,499,7009B2X,92,57.96,77.28,179,7017,53,33.39,44.52
79,927,651102,303,190.89,254.52,500,7009B3X,93,58.59,78.12,181,70172X,56,35.28,47.04
80,928,651104,609.5,383.985,511.98,498,7009BLX,91,57.33,76.44,182,70173X,57,35.91,47.88
81,929,651106,710.5,447.615,596.82,497,7009BSM,91,57.33,76.44,157,7017B,78.5,49.455,65.94
82,930,6512028VH,540.5,340.515,454.02,496,7009BXS,91,57.33,76.44,158,7017BX/2X,79.5,50.085,66.78
83,931,65135VH,887,558.81,745.08,504,7010B2X,100,63,84,183,7017SMFD,69.5,43.785,58.38
84,1098,68030T,402,253.26,337.68,505,7010B3X,101,63.63,84.84,180,7017XL,55,34.65,46.2
85,1099,68035EP,172,108.36,144.48,503,7010BLX,99,62.37,83.16,185,7018,62,39.06,52.08
86,1100,68040B,200,126,168,502,7010BSM,99,62.37,83.16,187,70182X,65,40.95,54.6
87,1092,6813150K,2396,1509.48,2012.64,501,7010BXS,99,62.37,83.16,528,70182X3XL,197,124.11,165.48
88,1093,6813300K,2713.5,1709.505,2279.34,169,7015,45,28.35,37.8,531,70182X3XO,197,124.11,165.48
89,1094,6814150K,2178,1372.14,1829.52,171,70152X,47,29.61,39.48,188,70183X,66,41.58,55.44
90,1095,6814300K,2495.5,1572.165,2096.22,522,70152X3XL,137.5,86.625,115.5,159,7018B,89,56.07,74.76
91,1096,6814500K,2722,1714.86,2286.48,525,70152X3XO,137.5,86.625,115.5,160,7018BX/2X,90,56.7,75.6
92,1097,681450K,1826,1150.38,1533.84,172,70153X,48,30.24,40.32,527,7018LXL,197,124.11,165.48
93,1101,685020,399,251.37,335.16,1230,70158259,92,57.96,77.28,529,7018LXO,197,124.11,165.48
94,609,7004L,19.5,12.285,16.38,151,7015B,68,42.84,57.12,526,7018SML,197,124.11,165.48
95,610,7004Y,37.5,23.625,31.5,152,7015BX/2X,69,43.47,57.96,530,7018SMO,197,124.11,165.48
96,611,7004YAF,123.5,77.805,103.74,521,7015LXL,137.5,86.625,115.5,186,7018XL,64,40.32,53.76
97,489,7006B2X,83,52.29,69.72,524,7015LXO,137.5,86.625,115.5,184,7018XS,62,39.06,52.08
98,490,7006B3X,84,52.92,70.56,520,7015SML,137.5,86.625,115.5,189,7019A,72,45.36,60.48
99,488,7006BLX,82,51.66,68.88,523,7015SMO,137.5,86.625,115.5,190,7019AX/2X,73,45.99,61.32
100,487,7006BSM,82,51.66,68.88,170,7015XL,46,28.98,38.64,191,7019B,78.5,49.455,65.94
101,486,7006BXS,82,51.66,68.88,168,7015XS,45,28.35,37.8,192,7019BX/2X,79.5,50.085,66.78
102,429,7021,136.5,85.995,114.66,405,7023B,216.5,136.395,181.86,422,7035B3X,280,176.4,235.2
103,431,70212XL,137.5,86.625,115.5,409,7023B2X,217.5,137.025,182.7,423,7035B4X,281,177.03,236.04
104,432,70213X,138.5,87.255,116.34,410,7023B3X,218.5,137.655,183.54,419,7035BL,278,175.14,233.52
105,433,70214X,139.5,87.885,117.18,407,7023BL/X,208,131.04,174.72,418,7035BM,278,175.14,233.52
106,390,7021B,206,129.78,173.04,411,7023BQC,231,145.53,194.04,426,7035BQCL,289.5,182.385,243.18
107,392,7021B2X,207,130.41,173.88,412,7023BQCXL,231,145.53,194.04,425,7035BQCM,289.5,182.385,243.18
108,397,7021BFD2X,215.5,135.765,181.02,406,7023BS/M,208,131.04,174.72,424,7035BQCS,289.5,182.385,243.18
109,395,7021BFDL,214.5,135.135,180.18,408,7023BXL,216.5,136.395,181.86,427,7035BQCXL,289.5,182.385,243.18
110,394,7021BFDM,214.5,135.135,180.18,448,7023QC,161.5,101.745,135.66,417,7035BS,278,175.14,233.52
111,393,7021BFDS,214.5,135.135,180.18,444,7023XL,148,93.24,124.32,420,7035BXL,278,175.14,233.52
112,396,7021BFDXL,214.5,135.135,180.18,449,7027,152,95.76,127.68,478,7035FD2X,210.5,132.615,176.82
113,398,7021BFQC,270.5,170.415,227.22,451,70272X,153,96.39,128.52,479,7035FD3X,211.5,133.245,177.66
114,400,7021BFQC2X,271.5,171.045,228.06,452,70273X,154,97.02,129.36,476,7035FDL,209.5,131.985,175.98
115,401,7021BFQC3X,272.5,171.675,228.9,413,7027B,220.5,138.915,185.22,475,7035FDM,209.5,131.985,175.98
116,399,7021BFQCXL,270.5,170.415,227.22,414,7027BXL,220.5,138.915,185.22,474,7035FDS,209.5,131.985,175.98
117,402,7021BQC,220.5,138.915,185.22,450,7027XL,152,95.76,127.68,477,7035FDXL,209.5,131.985,175.98
118,404,7021BQC2X,222,139.86,186.48,453,7028,130,81.9,109.2,469,7035L,200,126,168
119,403,7021BQCXL,220.5,138.915,185.22,454,7028X/2X,131.5,82.845,110.46,468,7035M,200,126,168
120,391,7021BXL,206,129.78,173.04,456,7029,139.5,87.885,117.18,484,7035QC2X,212.5,133.875,178.5
121,438,7021FD2X,146,91.98,122.64,458,70292X,140.5,88.515,118.02,485,7035QC3X4X,213.5,134.505,179.34
122,439,7021FD3X,147,92.61,123.48,459,70293X,141.5,89.145,118.86,482,7035QCL,211.5,133.245,177.66
123,436,7021FDL,145,91.35,121.8,415,7029B,216.5,136.395,181.86,481,7035QCM,211.5,133.245,177.66
124,435,7021FDM,145,91.35,121.8,416,7029BXL,216.5,136.395,181.86,480,7035QCS,211.5,133.245,177.66
125,434,7021FDS,145,91.35,121.8,457,7029XL,139.5,87.885,117.18,483,7035QCXL,211.5,133.245,177.66
126,437,7021FDXL,145,91.35,121.8,455,7029XS,139.5,87.885,117.18,467,7035S,200,126,168
127,440,7021QC,152,95.76,127.68,465,70343X,215.5,135.765,181.02,470,7035XL,200,126,168
128,442,7021QC2X3X,153,96.39,128.52,462,7034L,213.5,134.505,179.34,466,7035XS,200,126,168
129,441,7021QCXL,152,95.76,127.68,461,7034M,213.5,134.505,179.34,471,7035XXL,201,126.63,168.84
130,430,7021XL,136.5,85.995,114.66,460,7034S,213.5,134.505,179.34,538,7036A,344.5,217.035,289.38
131,428,7021XS,136.5,85.995,114.66,463,7034XL,213.5,134.505,179.34,532,7037,349.5,220.185,293.58
132,443,7023,148,93.24,124.32,464,7034XX,214.5,135.135,180.18,534,70372X,350.5,220.815,294.42
133,445,70232X,149,93.87,125.16,472,70353XL,202,127.26,169.68,533,7037XL,349.5,220.185,293.58
134,446,70233X,150,94.5,126,473,70354XL,203,127.89,170.52,545,7038QC2X,340.5,214.515,286.02
135,447,70234X,151,95.13,126.84,421,7035B2X,279,175.77,234.36,543,7038QCL,339.5,213.885,285.18
136,542,7038QCM,339.5,213.885,285.18,139,7056L,56,35.28,47.04,207,7080B3DS,310,195.3,260.4
137,541,7038QCS,339.5,213.885,285.18,138,7056M,56,35.28,47.04,210,7080B3DXL,310,195.3,260.4
138,544,7038QCXL,339.5,213.885,285.18,137,7056S,56,35.28,47.04,202,7080B3X,301,189.63,252.84
139,535,7039,356,224.28,299.04,140,7056XL,56,35.28,47.04,205,7080BFDL,310,195.3,260.4
140,537,70392X,357,224.91,299.88,143,7060L,45,28.35,37.8,204,7080BFDM,310,195.3,260.4
141,536,7039XL,356,224.28,299.04,142,7060M,45,28.35,37.8,203,7080BFDS,310,195.3,260.4
142,548,7042L,308,194.04,258.72,141,7060S,45,28.35,37.8,206,7080BFDXL,310,195.3,260.4
143,547,7042M,308,194.04,258.72,144,7060XL,45,28.35,37.8,199,7080BL,298.5,188.055,250.74
144,546,7042S,308,194.04,258.72,247,70672D,225,141.75,189,198,7080BM,298.5,188.055,250.74
145,549,7042XL,308,194.04,258.72,248,70672DX/2X,225,141.75,189,197,7080BS,298.5,188.055,250.74
146,335,7047,354,223.02,297.36,195,70732X,100.5,63.315,84.42,200,7080BXL,298.5,188.055,250.74
147,336,7047BFD2X,398,250.74,334.32,196,70733X,101.5,63.945,85.26,255,7080LFD,238,149.94,199.92
148,340,7047QCL,407.5,256.725,342.3,164,7073B2X,104.5,65.835,87.78,250,7080LX,229,144.27,192.36
149,339,7047QCM,407.5,256.725,342.3,165,7073BDL/X,146,91.98,122.64,254,7080MFD,238,149.94,199.92
150,338,7047QCS,407.5,256.725,342.3,163,7073BLX,103.5,65.205,86.94,253,7080SFD,238,149.94,199.92
151,341,7047QCXL,407.5,256.725,342.3,162,7073BSM,103.5,65.205,86.94,249,7080SM,229,144.27,192.36
152,346,7047RL,422,265.86,354.48,194,7073LX,99.5,62.685,83.58,256,7080XLFD,238,149.94,199.92
153,345,7047RM,422,265.86,354.48,193,7073SM,99.5,62.685,83.58,262,70812X,283,178.29,237.72
154,344,7047RS,422,265.86,354.48,167,7074BLX,105.5,66.465,88.62,269,70812XFD,290,182.7,243.6
155,347,7047RXL,422,265.86,354.48,166,7074BSM,105.5,66.465,88.62,272,70812XRD,298,187.74,250.32
156,337,7047XL,354,223.02,297.36,508,7078B2X,120.5,75.915,101.22,263,70813X,284,178.92,238.56
157,552,7048L,307,193.41,257.88,509,7078B3X,121.5,76.545,102.06,216,7081B2X,381,240.03,320.04
158,551,7048M,307,193.41,257.88,506,7078BLX,119.5,75.285,100.38,217,7081B3X,382,240.66,320.88
159,550,7048S,307,193.41,257.88,507,7078BSM,119.5,75.285,100.38,220,7081BFDL,389,245.07,326.76
160,553,7048XL,307,193.41,257.88,512,7079B2X,115.5,72.765,97.02,219,7081BFDM,389,245.07,326.76
161,348,7049,185,116.55,155.4,511,7079BLX,114.5,72.135,96.18,218,7081BFDS,389,245.07,326.76
162,349,7051,166,104.58,139.44,510,7079BSM,114.5,72.135,96.18,221,7081BFDXL,389,245.07,326.76
163,539,7052B,358,225.54,300.72,251,70802X,230,144.9,193.2,214,7081BL,380,239.4,319.2
164,540,7052C,367.5,231.525,308.7,257,70802XFD,239,150.57,200.76,213,7081BM,380,239.4,319.2
165,136,70552X,48.5,30.555,40.74,252,70803X,231,145.53,194.04,212,7081BS,380,239.4,319.2
166,134,7055L,48.5,30.555,40.74,258,70803XFD,240,151.2,201.6,215,7081BXL,380,239.4,319.2
167,133,7055M,48.5,30.555,40.74,201,7080B2X,300,189,252,211,7081BXS,380,239.4,319.2
168,132,7055S,48.5,30.555,40.74,209,7080B3DL,310,195.3,260.4,267,7081LFD,289,182.07,242.76
169,135,7055XL,48.5,30.555,40.74,208,7080B3DM,310,195.3,260.4,261,7081LX,282,177.66,236.88
170,271,7081LXRD,297,187.11,249.48,244,7083BFDM,398.5,251.055,334.74,302,7087BL,270,170.1,226.8
171,266,7081MFD,289,182.07,242.76,243,7083BFDS,398.5,251.055,334.74,301,7087BM,270,170.1,226.8
172,265,7081SFD,289,182.07,242.76,246,7083BFDXL,398.5,251.055,334.74,308,7087BQ2X,306,192.78,257.04
173,260,7081SM,282,177.66,236.88,239,7083BL,392.5,247.275,329.7,306,7087BQL,304.5,191.835,255.78
174,270,7081SMRD,297,187.11,249.48,238,7083BM,392.5,247.275,329.7,305,7087BQM,304.5,191.835,255.78
175,268,7081XLFD,289,182.07,242.76,237,7083BS,392.5,247.275,329.7,304,7087BQS,304.5,191.835,255.78
176,259,7081XS,282,177.66,236.88,240,7083BXL,392.5,247.275,329.7,307,7087BQXL,304.5,191.835,255.78
177,264,7081XSFD,289,182.07,242.76,236,7083BXS,392.5,247.275,329.7,300,7087BS,270,170.1,226.8
178,276,70822X,241,151.83,202.44,285,7083LFD,305,192.15,256.2,303,7087BXL,270,170.1,226.8
179,277,70823X,242,152.46,203.28,279,7083LX,291,183.33,244.44,317,7088B2X,337.5,212.625,283.5
180,226,7082B2X,310,195.3,260.4,284,7083MFD,305,192.15,256.2,318,7088B3X,338.5,213.255,284.34
181,234,7082B3DL,324.5,204.435,272.58,283,7083SFD,305,192.15,256.2,325,7088BFDL,352,221.76,295.68
182,233,7082B3DM,324.5,204.435,272.58,286,7083XLFD,305,192.15,256.2,324,7088BFDM,352,221.76,295.68
183,232,7082B3DS,324.5,204.435,272.58,557,7084L,491,309.33,412.44,323,7088BFDS,352,221.76,295.68
184,235,7082B3DXL,324.5,204.435,272.58,556,7084M,491,309.33,412.44,326,7088BFDXL,352,221.76,295.68
185,227,7082B3X,311,195.93,261.24,555,7084S,491,309.33,412.44,315,7088BL,336,211.68,282.24
186,230,7082BFDL,324.5,204.435,272.58,558,7084XL,491,309.33,412.44,314,7088BM,336,211.68,282.24
187,229,7082BFDM,324.5,204.435,272.58,291,7086B2X,254.5,160.335,213.78,321,7088BRL,360.5,227.115,302.82
188,228,7082BFDS,324.5,204.435,272.58,298,7086BFDL,268,168.84,225.12,320,7088BRM,360.5,227.115,302.82
189,231,7082BFDXL,324.5,204.435,272.58,297,7086BFDM,268,168.84,225.12,319,7088BRS,360.5,227.115,302.82
190,224,7082BL,309,194.67,259.56,296,7086BFDS,268,168.84,225.12,322,7088BRXL,360.5,227.115,302.82
191,223,7082BM,309,194.67,259.56,299,7086BFDXL,268,168.84,225.12,313,7088BS,336,211.68,282.24
192,222,7082BS,309,194.67,259.56,289,7086BL,253.5,159.705,212.94,316,7088BXL,336,211.68,282.24
193,225,7082BXL,309,194.67,259.56,288,7086BM,253.5,159.705,212.94,331,7089B2X,354,223.02,297.36
194,281,7082LFD,249,156.87,209.16,294,7086BRL,276.5,174.195,232.26,332,7089B3X,355,223.65,298.2
195,275,7082LX,240,151.2,201.6,293,7086BRM,276.5,174.195,232.26,339,7089BFDL,370,233.1,310.8
196,280,7082MFD,249,156.87,209.16,292,7086BRS,276.5,174.195,232.26,338,7089BFDM,370,233.1,310.8
197,278,7082SFD,249,156.87,209.16,295,7086BRXL,276.5,174.195,232.26,337,7089BFDS,370,233.1,310.8
198,274,7082SM,240,151.2,201.6,287,7086BS,253.5,159.705,212.94,325,7089BFDXL,370,233.1,310.8
199,282,7082XLFD,249,156.87,209.16,290,7086BXL,253.5,159.705,212.94,329,7089BL,353,222.39,296.52
200,273,7082XS,240,151.2,201.6,311,7087BFDL,287,180.81,241.08,328,7089BM,353,222.39,296.52
201,241,7083B2X,393.5,247.905,330.54,310,7087BFDM,287,180.81,241.08,335,7089BQL,387.5,244.125,325.5
202,242,7083B3X,394.5,248.535,331.38,309,7087BFDS,287,180.81,241.08,334,7089BQM,387.5,244.125,325.5
203,245,7083BFDL,398.5,251.055,334.74,312,7087BFDXL,287,180.81,241.08,333,7089BQS,387.5,244.125,325.5
204,336,7089BQXL,387.5,244.125,325.5,815,7120,41,25.83,34.44,980,72706SA5,185.5,116.865,155.82
205,327,7089BS,353,222.39,296.52,105,7214,26.5,16.695,22.26,981,72706SA6,170,107.1,142.8
206,330,7089BXL,353,222.39,296.52,107,7218,28.5,17.955,23.94,982,72706SB1,173,108.99,145.32
207,149,70902X,52.5,33.075,44.1,106,7218LT,24.5,15.435,20.58,983,72706SB2,193.5,121.905,162.54
208,150,70903X,52.5,33.075,44.1,108,7224,28.5,17.955,23.94,984,72706SB3,196.5,123.795,165.06
209,147,7090L,52.5,33.075,44.1,110,722448,31.5,19.845,26.46,985,72706SB4,188.5,118.755,158.34
210,146,7090M,52.5,33.075,44.1,1074,7226C,576.5,363.195,484.26,986,72706SB5,209,131.67,175.56
211,145,7090S,52.5,33.075,44.1,1066,7226CLE,637,401.31,535.08,987,72706SB6,193.5,121.905,162.54
212,148,7090XL,52.5,33.075,44.1,1075,7227C,583.5,367.605,490.14,988,72706SG5,219,137.97,183.96
213,328,7092BL,281.5,177.345,236.46,1067,7227CLE,667.5,420.525,560.7,989,72706SG6,201.5,126.945,169.26
214,327,7092BM,281.5,177.345,236.46,1084,7227CS,537,338.31,451.08,990,72706TB1,329,207.27,276.36
215,326,7092BS,281.5,177.345,236.46,1088,7227CSS,673.5,424.305,565.74,991,72706TB2,370,233.1,310.8
216,329,7092BXL,281.5,177.345,236.46,1076,7229C,626.5,394.695,526.26,992,72706TB3,373,234.99,313.32
217,332,7093BL,265,166.95,222.6,1077,7232C,640.5,403.515,538.02,993,72706TB4,357.5,225.225,300.3
218,331,7093BM,265,166.95,222.6,1068,7232CLE,718,452.34,603.12,994,72706TB5,400,252,336
219,330,7093BS,265,166.95,222.6,1085,7232CS,688.5,433.755,578.34,995,72706TB6,367,231.21,308.28
220,333,7093BXL,265,166.95,222.6,1089,7232CSS,811.5,511.245,681.66,996,72706TH1,357.5,225.225,300.3
221,595,70942X,61.5,38.745,51.66,109,7236,30.5,19.215,25.62,997,72706TH3,404,254.52,339.36
222,596,70943X,61.5,38.745,51.66,112,7244,129,81.27,108.36,998,72706TH5,427.5,269.325,359.1
223,597,70944X,61.5,38.745,51.66,113,7245,72.5,45.675,60.9,111,7272,33.5,21.105,28.14
224,593,7094L,61.5,38.745,51.66,114,72493FT,79.5,50.085,66.78,903,7275,1810.5,1140.615,1520.82
225,592,7094M,61.5,38.745,51.66,115,72494FT,101,63.63,84.84,910,7275LC,26,16.38,21.84
226,591,7094S,61.5,38.745,51.66,116,72496FT,140,88.2,117.6,904,7276,1256,791.28,1055.04
227,594,7094XL,61.5,38.745,51.66,1079,7265C,796,501.48,668.64,1083,7276100,1282.5,807.975,1077.3
228,590,7094XS,61.5,38.745,51.66,1070,7265CLE,924,582.12,776.16,1080,727620,422.5,266.175,354.9
229,604,70953X,52,32.76,43.68,1087,7265CS,873,549.99,733.32,1071,727620LE,556.5,350.595,467.46
230,605,70954X,52,32.76,43.68,1091,7265CSS,895,563.85,751.8,1081,727630,469,295.47,393.96
231,601,7095L,52,32.76,43.68,1078,7268C,777,489.51,652.68,1072,727630LE,572,360.36,480.48
232,600,7095M,52,32.76,43.68,1069,7268CLE,837,527.31,703.08,1082,727650,639,402.57,536.76
233,599,7095S,52,32.76,43.68,1086,7268CS,738,464.94,619.92,1073,727650LE,703.5,443.205,590.94
234,602,7095XL,52,32.76,43.68,1090,7268CSS,869.5,547.785,730.38,1065,7276BWR,381,240.03,320.04
235,598,7095XS,52,32.76,43.68,977,72706SA1,150.5,94.815,126.42,953,7277,3230,2034.9,2713.2
236,603,7095XX,52,32.76,43.68,978,72706SA3,174,109.62,146.16,954,7278,3590,2261.7,3015.6
237,334,7099B2X,311,195.93,261.24,979,72706SA4,166,104.58,139.44,955,7281,1769.5,1114.785,1486.38
238,958,7281DG,1795.5,1131.165,1508.22,127,737230,100.5,63.315,84.42,80,7434S,27,17.01,22.68
239,959,7281DS,1811.5,1141.245,1521.66,123,7373,49,30.87,41.16,38,7435,50,31.5,42
240,960,7281DT,2050,1291.5,1722,33,7393,81,51.03,68.04,39,7435H,49,30.87,41.16
241,956,7281S,1780,1121.4,1495.2,36,7393P,72.5,45.675,60.9,15,7436,9.5,5.985,7.98
242,957,7281SS,1811.5,1141.245,1521.66,34,7393S,86,54.18,72.24,66,7437,50,31.5,42
243,961,7281TT,2000,1260,1680,37,7393S1,9,5.67,7.56,65,74373FT,49,30.87,41.16
244,907,7286B,229,144.27,192.36,35,7393W,150,94.5,126,67,7438,52,32.76,43.68
245,1031,72906SC1,245,154.35,205.8,83,7395A,262.5,165.375,220.5,68,743808,54,34.02,45.36
246,1032,72906SC3,306,192.78,257.04,85,7395C,336.5,211.995,282.66,69,743810,56.5,35.595,47.46
247,1033,72906SC3S,304.5,191.835,255.78,84,7395D,185.5,116.865,155.82,70,743820,71,44.73,59.64
248,1034,72906SC5,329,207.27,276.36,86,7395E,247,155.61,207.48,10,7440,143,90.09,120.12
249,1035,72906SC6,260.5,164.115,218.82,44,7402,25,15.75,21,11,7440S,158,99.54,132.72
250,1036,72906TB1,443.5,279.405,372.54,45,7403,30.5,19.215,25.62,12,7441,277,174.51,232.68
251,1037,72906TB3,561,353.43,471.24,46,7407,36.5,22.995,30.66,13,7442,170,107.1,142.8
252,1038,72906TB5,592.5,373.275,497.7,40,7408,68.5,43.155,57.54,73,7444,8.5,5.355,7.14
253,1039,72906TB6,469.5,295.785,394.38,71,7410,33,20.79,27.72,74,744410,74,46.62,62.16
254,905,7291A,110.5,69.615,92.82,72,7410M,43,27.09,36.12,16,7448,10.5,6.615,8.82
255,906,7291B,110.5,69.615,92.82,41,7414,30,18.9,25.2,21,744850,320,201.6,268.8
256,967,7293M,576.5,363.195,484.26,42,7414P,28,17.64,23.52,19,7448L,8.5,5.355,7.14
257,968,7295M,613.5,386.505,515.34,43,7414SS,40.5,25.515,34.02,22,7448L50,236,148.68,198.24
258,962,7297,671,422.73,563.64,908,7421,31,19.53,26.04,23,7451A,57.5,36.225,48.3
259,963,7297S,692,435.96,581.28,14,7425,8.5,5.355,7.14,27,7451A1,23.5,14.805,19.74
260,964,7297T,749,471.87,629.16,60,7427,51,32.13,42.84,29,7451A10,183,115.29,153.72
261,965,7298,702.5,442.575,590.1,64,742712,58.5,36.855,49.14,28,7451A5,100,63,84
262,966,7298S,729,459.27,612.36,61,7428,53,33.39,44.52,25,7451AC,48,30.24,40.32
263,117,7324,33,20.79,27.72,62,742808,55.5,34.965,46.62,24,7451C,106.5,67.095,89.46
264,118,7336,34,21.42,28.56,63,742810,57.5,36.225,48.3,30,7451C1,62.5,39.375,52.5
265,119,7348,36.5,22.995,30.66,81,7429SS,44.5,28.035,37.38,32,7451C10,467.5,294.525,392.7
266,120,7372,38.5,24.255,32.34,82,7429SSK,58,36.54,48.72,31,7451C5,275.5,173.565,231.42
267,121,737208,43,27.09,36.12,78,7431,33,20.79,27.72,26,7452AC,82,51.66,68.88
268,122,737210,45.5,28.665,38.22,77,7432,455.5,286.965,382.62,128,7460A,430.5,271.215,361.62
269,124,737214,55.5,34.965,46.62,1121,7432502,1318.5,830.655,1107.54,129,7465A,430,270.9,361.2
270,125,737220,72.5,45.675,60.9,1122,7432602K,1335,841.05,1121.4,1018,74709SA8,214.5,135.135,180.18
271,126,737224,80.5,50.715,67.62,79,7434,28,17.64,23.52,1019,74709SB8,235.5,148.365,197.82
272,1020,74709SG8,244,153.72,204.96,5,7534,255.5,160.965,214.62,561,8001BL,414,260.82,347.76
273,1021,74709TB8,452,284.76,379.68,6,7535,255.5,160.965,214.62,560,8001BM,414,260.82,347.76
274,1022,74709TH8,482.5,303.975,405.3,7,7536,267,168.21,224.28,559,8001BS,414,260.82,347.76
275,17,7472,12.5,7.875,10.5,3,7538,239,150.57,200.76,562,8001BXL,414,260.82,347.76
276,20,7472L,11.5,7.245,9.66,806,7609,453.5,285.705,380.94,565,8006L,183.5,115.605,154.14
277,804,7479,90.5,57.015,76.02,1114,770001,786,495.18,660.24,564,8006M,183.5,115.605,154.14
278,803,7489,95.5,60.165,80.22,1112,770003,650.5,409.815,546.42,563,8006S,183.5,115.605,154.14
279,805,7491,103.5,65.205,86.94,1113,770006,702.5,442.575,590.1,566,8006XL,183.5,115.605,154.14
280,75,7493A,55.5,34.965,46.62,1117,771002K,675.5,425.565,567.42,569,8007L,227,143.01,190.68
281,1123,7493A502,628,395.64,527.52,8,7711,357.5,225.225,300.3,568,8007M,227,143.01,190.68
282,1124,7493A602K,637,401.31,535.08,9,7712,551.5,347.445,463.26,567,8007S,227,143.01,190.68
283,76,7493B1,49,30.87,41.16,1118,772030,821.5,517.545,690.06,570,8007XL,227,143.01,190.68
284,47,74942,91.5,57.645,76.86,1119,772060,916.5,577.395,769.86,571,8021L,315,198.45,264.6
285,48,74946,101.5,63.945,85.26,1120,772100,1031,649.53,866.04,572,8021M,315,198.45,264.6
286,49,749485,107,67.41,89.88,1115,77302K,605,381.15,508.2,573,8021S,315,198.45,264.6
287,130,7495A,167.5,105.525,140.7,1116,77602K,634.5,399.735,532.98,574,8021XL,315,198.45,264.6
288,131,7495K,238,149.94,199.92,87,78012WCSSC,567,357.21,476.28,575,8026,286,180.18,240.24
289,18,7496,15,9.45,12.6,88,78012WCSSD,395,248.85,331.8,576,8026X/2X,286,180.18,240.24
290,891,7500,3559.5,2242.485,2989.98,89,78012WCSTH,437,275.31,367.08,579,8031L,217.5,137.025,182.7
291,895,7500S,3580.5,2255.715,3007.62,90,78012WCSWE,337,212.31,283.08,578,8031M,217.5,137.025,182.7
292,892,7504,4115,2592.45,3456.6,91,78218CSSC,467,294.21,392.28,577,8031S,217.5,137.025,182.7
293,896,7504S,4136,2605.68,3474.24,92,78218CSSD,435,274.05,365.4,580,8031XL,217.5,137.025,182.7
294,890,7505,2557,1610.91,2147.88,93,78218CSTH,347,218.61,291.48,583,8035L,267.5,168.525,224.7
295,894,7505S,2578,1624.14,2165.52,94,78218CSWE,367,231.21,308.28,582,8035M,267.5,168.525,224.7
296,897,7507,1942.5,1223.775,1631.7,95,78218PTH,268,168.84,225.12,581,8035S,267.5,168.525,224.7
297,900,7507S,1963.5,1237.005,1649.34,96,78218PWE,230,144.9,193.2,584,8035XL,267.5,168.525,224.7
298,898,7508,2882,1815.66,2420.88,97,78218WCSSC,588,370.44,493.92,588,8039L,340.5,214.515,286.02
299,901,7508S,2892.5,1822.275,2429.7,98,78218WCSSD,444,279.72,372.96,587,8039M,340.5,214.515,286.02
300,899,7509,3466,2183.58,2911.44,99,78218WCSTH,457,287.91,383.88,586,8039S,340.5,214.515,286.02
301,902,7509S,3487,2196.81,2929.08,100,78218WCSWE,383,241.29,321.72,589,8039XL,340.5,214.515,286.02
302,893,7510,2588.5,1630.755,2174.34,101,78312P,160,100.8,134.4,585,8042,137.5,86.625,115.5
303,1,7530,217.5,137.025,182.7,102,78316P,183,115.29,153.72,554,8045,130,81.9,109.2
304,2,7531,210.5,132.615,176.82,103,7840SC,116,73.08,97.44,350,8060B,425,267.75,357
305,4,7533,234,147.42,196.56,104,7840SD,38,23.94,31.92,351,8063B,185,116.55,155.4
306,355,8070L,731.5,460.845,614.46,385,8084XL,462,291.06,388.08,754,8165B10,218.5,137.655,183.54
307,354,8070M,731.5,460.845,614.46,352,8087,164,103.32,137.76,753,8165B65,214.5,135.135,180.18
308,359,8070RL,796.5,501.795,669.06,686,8106,76.5,48.195,64.26,756,8165C10,232,146.16,194.88
309,358,8070RM,796.5,501.795,669.06,816,8125,62,39.06,52.08,755,8165C65,227.5,143.325,191.1
310,357,8070RS,796.5,501.795,669.06,826,8125T,61,38.43,51.24,758,8165D10,248,156.24,208.32
311,360,8070RXL,796.5,501.795,669.06,834,8126,60,37.8,50.4,757,8165D65,244,153.72,204.96
312,353,8070S,731.5,460.845,614.46,827,8130T,65,40.95,54.6,819,8175,120,75.6,100.8
313,356,8070XL,731.5,460.845,614.46,828,8135T,68.5,43.155,57.54,820,8200,138.5,87.255,116.34
314,363,8073L,723,455.49,607.32,516,81412X3X,192,120.96,161.28,822,820020,266,167.58,223.44
315,362,8073M,723,455.49,607.32,515,8141LXL,192,120.96,161.28,833,8200DH,146.5,92.295,123.06
316,342,8073QC2X,835.5,526.365,701.82,514,8141SM,192,120.96,161.28,831,8200T,137.5,86.625,115.5
317,343,8073QC3X,836.5,526.995,702.66,519,81432X3X,190,119.7,159.6,625,8202,37,23.31,31.08
318,367,8073QCL,834,525.42,700.56,518,8143LXL,190,119.7,159.6,779,8203,39.5,24.885,33.18
319,366,8073QCM,834,525.42,700.56,517,8143SM,190,119.7,159.6,778,820324,38.5,24.255,32.34
320,365,8073QCS,834,525.42,700.56,817,8149,87.5,55.125,73.5,785,82033,54,34.02,45.36
321,368,8073QCXL,834,525.42,700.56,829,8149T,86.5,54.495,72.66,780,8204,40.5,25.515,34.02
322,371,8073RL,779.5,491.085,654.78,818,8150,94.5,59.535,79.38,786,82043,55,34.65,46.2
323,370,8073RM,779.5,491.085,654.78,823,8150250,301.5,189.945,253.26,781,8206,41.5,26.145,34.86
324,369,8073RS,779.5,491.085,654.78,824,8150300,333,209.79,279.72,787,82063,56,35.28,47.04
325,372,8073RXL,779.5,491.085,654.78,821,81505,189,119.07,158.76,782,82068,45,28.35,37.8
326,361,8073S,723,455.49,607.32,825,8150500,449,282.87,377.16,783,8206Y,78,49.14,65.52
327,364,8073XL,723,455.49,607.32,832,8150DH,100.5,63.315,84.42,784,8206Y3,106,66.78,89.04
328,373,8076,374.5,235.935,314.58,830,8150T,93.5,58.905,78.54,909,8208,61.5,38.745,51.66
329,376,8076RL,458.5,288.855,385.14,835,8151,92.5,58.275,77.7,795,8209,44,27.72,36.96
330,375,8076RM,458.5,288.855,385.14,836,8151T,91.5,57.645,76.86,797,820910,48,30.24,40.32
331,374,8076RS,458.5,288.855,385.14,773,8153,56,35.28,47.04,798,820912,50,31.5,42
332,377,8076RXL,458.5,288.855,385.14,776,81533,70.5,44.415,59.22,799,820920,61,38.43,51.24
333,380,8081L,490,308.7,411.6,774,8154,57,35.91,47.88,800,82093,59,37.17,49.56
334,379,8081M,490,308.7,411.6,775,8156,58,36.54,48.72,801,82095K,59,37.17,49.56
335,378,8081S,490,308.7,411.6,777,81563,72.5,45.675,60.9,796,82098,46,28.98,38.64
336,381,8081XL,490,308.7,411.6,759,8.17E+13,237,149.31,199.08,802,8209AF,101.5,63.945,85.26
337,384,8084L,462,291.06,388.08,760,8.17E+68,241,151.83,202.44,657,8240,60.5,38.115,50.82
338,383,8084M,462,291.06,388.08,752,8165A10,178.5,112.455,149.94,660,82403,78,49.14,65.52
339,382,8084S,462,291.06,388.08,751,8165A65,174.5,109.935,146.58,663,824032D,111.5,70.245,93.66
340,662,82403A,100,63,84,738,8246Y3,132,83.16,110.88,698,82563,71.5,45.045,60.06
341,661,82403L,73.5,46.305,61.74,633,8247B,80,50.4,67.2,714,82563PC,104,65.52,87.36
342,659,8240A,85,53.55,71.4,635,8247B3,97.5,61.425,81.9,710,8256EL,61,38.43,51.24
343,658,8240L,56.5,35.595,47.46,634,8247BA,104,65.52,87.36,711,8256EL3,83.5,52.605,70.14
344,664,8240Y,86,54.18,72.24,636,8247BY,104,65.52,87.36,712,8256ELY3,114,71.82,95.76
345,666,8240Y2D,102,64.26,85.68,637,8247BY3,146,91.98,122.64,680,8256LT,50,31.5,42
346,667,8240Y3,114.5,72.135,96.18,638,8247BY3A,193.5,121.905,162.54,682,8256LT3,66,41.58,55.44
347,670,8240Y32D,141,88.83,118.44,639,8247EA,133,83.79,111.72,679,8256LT3FT,48,30.24,40.32
348,671,8240Y32D2R,146,91.98,122.64,645,8247ELY3D,193.5,121.905,162.54,681,8256LTL,45.5,28.665,38.22
349,669,8240Y3A,168.5,106.155,141.54,640,8247EY,126.5,79.695,106.26,683,8256LTY,71.5,45.045,60.06
350,668,8240Y3L,108.5,68.355,91.14,641,8247EY3,167.5,105.525,140.7,684,8256LTY3,97.5,61.425,81.9
351,665,8240YA,122.5,77.175,102.9,642,8247EY3A,213,134.19,178.92,713,8256PC,87.5,55.125,73.5
352,733,8241,80,50.4,67.2,644,8247EY3AR,240,151.2,201.6,690,8257,58,36.54,48.72
353,734,8241Y,117.5,74.025,98.7,643,8247EY3R,193.5,121.905,162.54,672,8259,44,27.72,36.96
354,725,8242,148,93.24,124.32,646,8247Y,105,66.15,88.2,674,82593,65,40.95,54.6
355,726,82423,163.5,103.005,137.34,647,8247Y3,149.5,94.185,125.58,675,82593L,61,38.43,51.24
356,723,82423AF,190.5,120.015,160.02,761,8250,122.5,77.175,102.9,673,8259L,41,25.83,34.44
357,718,82423L,175.5,110.565,147.42,763,825010LK,121.5,76.545,102.06,676,8259Y,66,41.58,55.44
358,717,82424L,155.5,97.965,130.62,766,825012W,95,59.85,79.8,677,8259Y3,96.5,60.795,81.06
359,721,8242AF,172.5,108.675,144.9,762,82506L,120.5,75.915,101.22,678,8259Y3L,89.5,56.385,75.18
360,716,8242L,157.5,99.225,132.3,764,8250A,150,94.5,126,705,826073,92.5,58.275,77.7
361,727,8242Y,242,152.46,203.28,767,8250LT,97,61.11,81.48,707,8260732D,118,74.34,99.12
362,728,8242Y3,257.5,162.225,216.3,768,8250LT10LK,95,59.85,79.8,703,8260733FT,90.5,57.015,76.02
363,724,8242Y3AF,271.5,171.045,228.06,769,8250LTW,76.5,48.195,64.26,704,8260734,91.5,57.645,76.86
364,720,8242Y3L,243.5,153.405,204.54,770,8250LTWA,130,81.9,109.2,708,8260734A,142.5,89.775,119.7
365,722,8242YAF,222.5,140.175,186.9,765,8250W,96,60.48,80.64,709,826073A,144.5,91.035,121.38
366,719,8242YL,207.5,130.725,174.3,771,8252,86,54.18,72.24,706,826073ADJ,103,64.89,86.52
367,729,8243,144,90.72,120.96,772,8252LT,66.5,41.895,55.86,715,826073PC,150.5,94.815,126.42
368,730,82433,159.5,100.485,133.98,687,8253,49,30.87,41.16,701,82608,69.5,43.785,58.38
369,731,8243Y,236,148.68,198.24,688,8254,50,31.5,42,702,826082D,93.5,58.905,78.54
370,732,8243Y3,260.5,164.115,218.82,697,82543,70.5,44.415,59.22,699,826083,67,42.21,56.28
371,735,8246,67.5,42.525,56.7,689,8256,51,32.13,42.84,700,826084,68.5,43.155,57.54
372,736,82463,92,57.96,77.28,691,82562,64,40.32,53.76,1063,8262,252.5,159.075,212.1
373,737,8246Y,104.5,65.835,87.78,692,825623A,100.5,63.315,84.42,1064,82624,267.5,168.525,224.7
374,999,82706SA1,162,102.06,136.08,1062,82710SG5,247,155.61,207.48,694,83573,107,67.41,89.88
375,1000,82706SA2,187,117.81,157.08,1040,82909SC1,278.5,175.455,233.94,695,8357Y,100.5,63.315,84.42
376,1001,82706SA3,189,119.07,158.76,1041,82909SC3,341,214.83,286.44,696,8357Y3,136.5,85.995,114.66
377,1002,82706SA4,176.5,111.195,148.26,1042,82909SC5,363.5,229.005,305.34,808,8358,122.5,77.175,102.9
378,1003,82706SA6,185,116.55,155.4,1043,82909SC6,298.5,188.055,250.74,809,8359,145,91.35,121.8
379,1004,82706SB1,189,119.07,158.76,1044,82909TB1,511.5,322.245,429.66,685,8364,45,28.35,37.8
380,1005,82706SB2,212,133.56,178.08,1045,82909TB3,624.5,393.435,524.58,627,8366,39,24.57,32.76
381,1006,82706SB3,215,135.45,180.6,1046,82909TB5,651.5,410.445,547.26,626,836616,38,23.94,31.92
382,1007,82706SB4,205.5,129.465,172.62,1047,82909TB6,522,328.86,438.48,628,836624,41,25.83,34.44
383,1008,82706SB5,227.5,143.325,191.1,1048,82911SC1,353,222.39,296.52,631,83662D,45,28.35,37.8
384,1009,82706SB6,210,132.3,176.4,1049,82911SC3,409,257.67,343.56,632,8366C,70.5,44.415,59.22
385,1010,82706SG5,236,148.68,198.24,1050,82911SG5,437,275.31,367.08,629,8366L,35,22.05,29.4
386,1011,82706SG6,219.5,138.285,184.38,1051,82911SG6,381,240.03,320.04,630,8366LAF,55.5,34.965,46.62
387,1012,82706TB1,356,224.28,299.04,791,8306,53,33.39,44.52,810,8368,85,53.55,71.4
388,1013,82706TB2,402,253.26,337.68,788,830636,50,31.5,42,1052,83709SA7,222.5,140.175,186.9
389,1014,82706TB3,408,257.04,342.72,789,83064,51,32.13,42.84,1053,83709SB7,241,151.83,202.44
390,1015,82706TB4,386,243.18,324.24,790,83065,52,32.76,43.68,1054,83809SG9,375.5,236.565,315.42
391,1016,82706TB5,433,272.79,363.72,792,8307,56,35.28,47.04,807,8388,139,87.57,116.76
392,1017,82706TB6,397.5,250.425,333.9,793,830708,58,36.54,48.72,969,83909SP1,280,176.4,235.2
393,1023,82709SA1,246.5,155.295,207.06,794,830710,59,37.17,49.56,970,83909SP3,300,189,252
394,1024,82709SA3,269.5,169.785,226.38,814,8349,51,32.13,42.84,971,83909SP5,305,192.15,256.2
395,1025,82709SA4,260,163.8,218.4,812,8353,78,49.14,65.52,972,83909SP6,305,192.15,256.2
396,1026,82709SA5,282,177.66,236.88,813,8353LT,72.5,45.675,60.9,973,83909TP1,485,305.55,407.4
397,1027,82709TB1,519,326.97,435.96,648,8354LE,140.5,88.515,118.02,974,83909TP3,499,314.37,419.16
398,1028,82709TB3,562,354.06,472.08,649,8354LE3,161.5,101.745,135.66,975,83909TP5,510,321.3,428.4
399,1029,82709TB4,544,342.72,456.96,650,8354LEY,215.5,135.765,181.02,976,83909TP6,510,321.3,428.4
400,1030,82709TB5,588,370.44,493.92,653,8354LEY3,248,156.24,208.32,52,84202D,64.5,40.635,54.18
401,1055,82710SA1,179,112.77,150.36,654,8354LEY3A,323,203.49,271.32,54,84202D10,66.5,41.895,55.86
402,1056,82710SA3,203,127.89,170.52,655,8354LEY3D,259,163.17,217.56,50,84202D3,61.5,38.745,51.66
403,1057,82710SA4,192.5,121.275,161.7,651,8354LEYA,269,169.47,225.96,51,84202D4,62.5,39.375,52.5
404,1058,82710SA5,215.5,135.765,181.02,652,8354LEYC2D,311.5,196.245,261.66,53,84202D8FT,65.5,41.265,55.02
405,1059,82710SC1,203,127.89,170.52,656,8354LEYSS3D,310.5,195.615,260.82,58,84202DC,65.5,41.265,55.02
406,1060,82710SC3,226,142.38,189.84,811,8355,308.5,194.355,259.14,55,84202DC3,62.5,39.375,52.5
407,1061,82710SG4,225,141.75,189,693,8357,85.5,53.865,71.82,56,84202DC4,63.5,40.005,53.34
408,59,84202DC8,66.5,41.895,55.86,1258,A8593A,172.5,108.675,144.9,1289,C8257,58,36.54,48.72
409,57,8438C23,112.5,70.875,94.5,1276,AFBHL,7,4.41,5.88,1290,C826073,92.5,58.275,77.7
410,739,8445,30.5,19.215,25.62,1277,ALANL,7,4.41,5.88,1291,C8260732D,109,68.67,91.56
411,740,8447,55.5,34.965,46.62,1278,BAGLBL,9,5.67,7.56,1292,C8260734,91.5,57.645,76.86
412,743,8447A,84,52.92,70.56,1279,BFBHL,7,4.41,5.88,1295,C8260734,87.5,55.125,73.5
413,741,8450,32.5,20.475,27.3,1306,C7232C,640.5,403.515,538.02,1293,C826073A,138.5,87.255,116.34
414,747,8456,65,40.95,54.6,1307,C7268C,777,489.51,652.68,1296,C826073A,128,80.64,107.52
415,748,8457,92,57.96,77.28,1308,C72706SA1,139,87.57,116.76,1301,C82710SC1,188.5,118.755,158.34
416,749,8458,135,85.05,113.4,1309,C72706SA4,152.5,96.075,128.1,1302,C82710SC3,226,142.38,189.84
417,750,8459,129,81.27,108.36,1310,C72706SB1,160.5,101.115,134.82,1303,C82710SG4,225,141.75,189
418,744,8466A,45,28.35,37.8,1311,C72706SB2,193.5,121.905,162.54,1304,C82710SG5,229,144.27,192.36
419,1199,8592A,167.5,105.525,140.7,1312,C72706SB3,182,114.66,152.88,1305,C83709SB7,228.5,143.955,191.94
420,1200,8593A,170.5,107.415,143.22,1313,C72706SB4,188.5,118.755,158.34,1294,C8388,127.5,80.325,107.1
421,1201,8595A,184,115.92,154.56,1314,C72706SB5,193.5,121.905,162.54,1232,CMB0756LTL,78,49.14,65.52
422,1202,8595RA,194,122.22,162.96,1315,C72706SG5,219,137.97,183.96,1231,CMB078259L,76.5,48.195,64.26
423,1203,8596A,209.5,131.985,175.98,1316,C72706SG6,201.5,126.945,169.26,1233,CMB158259L,86,54.18,72.24
424,1205,9000FW,107.5,67.725,90.3,1317,C72706TB1,306,192.78,257.04,1235,CMB1659Y3L,135,85.05,113.4
425,1206,9001HS,101,63.63,84.84,1318,C72706TB3,373,234.99,313.32,1234,CMB168259L,89,56.07,74.76
426,1207,9005PS,98,61.74,82.32,1319,C72706TB4,333,209.79,279.72,1237,CMB172593L,113.5,71.505,95.34
427,1208,9010CP,90,56.7,75.6,1320,C72706TB5,372,234.36,312.48,1236,CMB178259L,95,59.85,79.8
428,1204,9103JK,236,148.68,198.24,1321,C72706TB6,367,231.21,308.28,1238,CMB182593L,123.5,77.805,103.74
429,1209,9500Z,88,55.44,73.92,1297,C727630,469,295.47,393.96,1239,CMB1859Y3L,151,95.13,126.84
430,1210,9504Z,82,51.66,68.88,1299,C727630LE,572,360.36,480.48,1212,KIT072595P,90,56.7,75.6
431,1211,9505Z,91,57.33,76.44,1298,C727650,639,402.57,536.76,1213,KIT0759Y6P,121.5,76.545,102.06
432,1248,A5021,16,10.08,13.44,1300,C727650LE,703.5,443.205,590.94,1214,KIT076LT5P,91,57.33,76.44
433,1257,A70158259R,101.5,63.945,85.26,1280,C8242,135,85.05,113.4,1215,KIT152595P,97,61.11,81.48
434,1251,A7016,52,32.76,43.68,1281,C82423,149,93.87,125.16,1216,KIT155935P,116.5,73.395,97.86
435,1252,A7016X/2X,53,33.39,44.52,1282,C8242Y,227.5,143.325,191.1,1217,KIT1559Y6P,127.5,80.325,107.1
436,1250,A7336,36.5,22.995,30.66,1283,C8242Y3,234,147.42,196.56,1219,KIT156LT5P,98,61.74,82.32
437,1249,A7410,35,22.05,29.4,1284,C8254,46,28.98,38.64,1218,KIT159Y36P,158.5,99.855,133.14
438,1256,A8150T,96.5,60.795,81.06,1285,C82543,70.5,44.415,59.22,1220,KIT162596P,111.5,70.245,93.66
439,1255,A8240,62.5,39.375,52.5,1286,C8256,47,29.61,39.48,1221,KIT165936P,130,81.9,109.2
440,1254,A8259,48,30.24,40.32,1287,C82562,59,37.17,49.56,1222,KIT1659Y6P,131,82.53,110.04
441,1253,A8450,33.5,21.105,28.14,1288,C82563,71.5,45.045,60.06,1224,KIT166LT6P,112.5,70.875,94.5
442,1223,KIT169Y36P,162.5,102.375,136.5,,,,,,,,,,
443,1225,KIT172595P,108.5,68.355,91.14,,,,,,,,,,
444,1228,KIT176LT5P,109.5,68.985,91.98,,,,,,,,,,
445,1227,KIT179Y36P,168.5,106.155,141.54,,,,,,,,,,
446,1229,KIT186LT6P,129,81.27,108.36,,,,,,,,,,
447,1226,KIT189Y36P,177.5,111.825,149.1,,,,,,,,,,
448,161,ML7018B,89,56.07,74.76,,,,,,,,,,
449,1245,NL7280,93,58.59,78.12,,,,,,,,,,
450,1246,NL7281,84.5,53.235,70.98,,,,,,,,,,
451,1247,NL7282,55,34.65,46.2,,,,,,,,,,
